Workbook

Sheet Список детей
A1: Номер | B1: Фамилия Имя
A2: 1 | B2: Бобрышев Мрон | C2: =IF(B2="-",0,1) -> 1
A3: 2 | B3: Буяновская Варвара | C3: =IF(B3="-",0,1) -> 1
A4: 3 | B4: Визиров Саша | C4: =IF(B4="-",0,1) -> 1
A5: 4 | B5: Волкова Аня | C5: =IF(B5="-",0,1) -> 1
A6: 5 | B6: Волков Даня | C6: =IF(B6="-",0,1) -> 1
A7: 6 | B7: Григорьева Эмилия | C7: =IF(B7="-",0,1) -> 1
A8: 7 | B8: Головастов Вова | C8: =IF(B8="-",0,1) -> 1
A9: 8 | B9: Ковалев Богдан | C9: =IF(B9="-",0,1) -> 1
A10: 9 | B10: Назаренко Максим | C10: =IF(B10="-",0,1) -> 1
A11: 10 | B11: Пеньков Лев | C11: =IF(B11="-",0,1) -> 1
A12: 11 | B12: Скворцова Вероника | C12: =IF(B12="-",0,1) -> 1
A13: 12 | B13: Самордин Аким | C13: =IF(B13="-",0,1) -> 1
... A31: 30 | B31: - | C31: =IF(B31="-",0,1) -> 0
B34: Общее число детей | C34: 14

Sheet познавательное развитие
B1: Образовательная область «Познавательное развитие»
B2: Воспитатели Миронова Н.А., Точилкина О.С.
A3: № п/п | B3: Ф.И.О. ребенок | C3: Сенсорное развитие. Различает и называет основные цвета, группирует по цвету,форме, величине. Различает геометрические фигуры: круг, квадрат, треуголник, называет их. | E3: Осуществляет сенсорный анализ, выделяя ярко выраженные в предметах качества и свойства ("Пирамидка большая, ее кольца разного цвета, кольца большие и маленькие") Собирает одноцветные и разноцветные пирамидки из 4-5 деталей. | G3: Позвательно-исследовательская деятельность. Эксперементирует с предметами и материалами (Тонут ли предметы?, Когда застывает вода?, Что будет, если смешать холодную воду с горячей?) Замечает существующие в окружающем мире простые закономерности ("Идет дождь - появились лужи") | I3: Конструирование. Самостоятельно конструирует несложные посторойки из двух - трех деталей. Создает постройки "по сюжету" (дом, машина) | K3: Ознакомление с природным окружением. Знает о внешнем облике человека, о его физических особенностях (голова,руки,ноги и т.д). Различает домашних и диких животных и их детенышей. Имеет представления о растениях ближайшего окружения (деревья, овощи, фрукты). Проявляет интерес к объектам неживой природы (солнце,небо, песок,вода), явлениям природы. | M3: РЭМП Находит и группирует предметы по указанным свойствам, сравнивает предметы, испоьзуя приемы наложения, приложения. Различает круг, квадрат, треуголник, соотносит с предметами, имеющими углы и круглую форму | O3: Сравнивает два предмета по заданному признаку величины (длина, высота, ширина), обозначает словами результат сравнения. | Q3: Находит в окружающей обстановке один и много одинаковых предметов. Понимает смысл слов: утро, день, вечер, ночь. | S3: Понимает смысл обозначений, количество в двух группах: много и много, много и мало, много и один. | U3: Итоговый показатель по каждому ребенку (среднее значение) | W3: Итоговый показатель по каждому ребенку (проценты) | Y3: Итоговое значение по каждому ребенку (по группам)
C4: сент | D4: май | E4: сент | F4: май | G4: сент | H4: май | I4: сент | J4: май | K4: сент | L4: май | M4: сент | N4: май | O4: сент | P4: май | Q4: сент | R4: май | S4: сент | T4: май | U4: сент | V4: май | W4: сент | X4: май | Y4: сент. | Z4: май
A5: ='Список детей'!A2 -> 1 | B5: ='Список детей'!B2 -> Бобрышев Мрон | C5: 2 | E5: 2 | G5: 2 | I5: 2 | K5: 2 | M5: 2 | O5: 2 | Q5: 2 | S5: 2 | U5: =(C5+E5+G5+I5+K5+M5+O5+Q5+S5)/9 -> 2 | V5: =(D5+F5+H5+J5+L5+N5+P5+R5+T5)/9 -> 0 | W5: =U5/3 -> 0.66666667 | X5: =V5/3 -> 0 | Y5: =IF(U5<=1," < 50%",IF(U5<2.25,"50-75%","75-100%")) -> 50-75% | Z5: =IF(V5<=1," < 50%",IF(V5<2.25,"50-75%","75-100%")) -> < 50% | AB5: 1
A6: ='Список детей'!A3 -> 2 | B6: ='Список детей'!B3 -> Буяновская Варвара | C6: 2 | E6: 2 | G6: 2 | I6: 2 | K6: 2 | M6: 2 | O6: 2 | Q6: 2 | S6: 2 | U6: =(C6+E6+G6+I6+K6+M6+O6+Q6+S6)/9 -> 2 | V6: =(D6+F6+H6+J6+L6+N6+P6+R6+T6)/9 -> 0 | W6: =U6/3 -> 0.66666667 | X6: =V6/3 -> 0 | Y6: =IF(U6<=1," < 50%",IF(U6<2.25,"50-75%","75-100%")) -> 50-75% | Z6: =IF(V6<=1," < 50%",IF(V6<2.25,"50-75%","75-100%")) -> < 50% | AB6: 1
A7: ='Список детей'!A4 -> 3 | B7: ='Список детей'!B4 -> Визиров Саша | C7: 2 | E7: 2 | G7: 2 | I7: 2 | K7: 2 | M7: 2 | O7: 2 | Q7: 2 | S7: 2 | U7: =(C7+E7+G7+I7+K7+M7+O7+Q7+S7)/9 -> 2 | V7: =(D7+F7+H7+J7+L7+N7+P7+R7+T7)/9 -> 0 | W7: =U7/3 -> 0.66666667 | X7: =V7/3 -> 0 | Y7: =IF(U7<=1," < 50%",IF(U7<2.25,"50-75%","75-100%")) -> 50-75% | Z7: =IF(V7<=1," < 50%",IF(V7<2.25,"50-75%","75-100%")) -> < 50% | AB7: 1
A8: ='Список детей'!A5 -> 4 | B8: ='Список детей'!B5 -> Волкова Аня | C8: 2 | E8: 2 | G8: 2 | I8: 2 | K8: 2 | M8: 2 | O8: 2 | Q8: 2 | S8: 2 | U8: =(C8+E8+G8+I8+K8+M8+O8+Q8+S8)/9 -> 2 | V8: =(D8+F8+H8+J8+L8+N8+P8+R8+T8)/9 -> 0 | W8: =U8/3 -> 0.66666667 | X8: =V8/3 -> 0 | Y8: =IF(U8<=1," < 50%",IF(U8<2.25,"50-75%","75-100%")) -> 50-75% | Z8: =IF(V8<=1," < 50%",IF(V8<2.25,"50-75%","75-100%")) -> < 50% | AB8: 1
A9: ='Список детей'!A6 -> 5 | B9: ='Список детей'!B6 -> Волков Даня | C9: 2 | E9: 2 | G9: 2 | I9: 2 | K9: 2 | M9: 2 | O9: 2 | Q9: 2 | S9: 2 | U9: =(C9+E9+G9+I9+K9+M9+O9+Q9+S9)/9 -> 2 | V9: =(D9+F9+H9+J9+L9+N9+P9+R9+T9)/9 -> 0 | W9: =U9/3 -> 0.66666667 | X9: =V9/3 -> 0 | Y9: =IF(U9<=1," < 50%",IF(U9<2.25,"50-75%","75-100%")) -> 50-75% | Z9: =IF(V9<=1," < 50%",IF(V9<2.25,"50-75%","75-100%")) -> < 50% | AB9: 1
A10: ='Список детей'!A7 -> 6 | B10: ='Список детей'!B7 -> Григорьева Эмилия | C10: 0 | E10: 0 | G10: 0 | I10: 0 | K10: 0 | M10: 0 | O10: 0 | Q10: 0 | S10: 0 | U10: =(C10+E10+G10+I10+K10+M10+O10+Q10+S10)/9 -> 0 | V10: =(D10+F10+H10+J10+L10+N10+P10+R10+T10)/9 -> 0 | W10: =U10/3 -> 0 | X10: =V10/3 -> 0 | Y10: =IF(U10<=1," < 50%",IF(U10<2.25,"50-75%","75-100%")) -> < 50% | Z10: =IF(V10<=1," < 50%",IF(V10<2.25,"50-75%","75-100%")) -> < 50% | AB10: 1
A11: ='Список детей'!A8 -> 7 | B11: ='Список детей'!B8 -> Головастов Вова | C11: 2 | E11: 2 | G11: 2 | I11: 2 | K11: 2 | M11: 2 | O11: 2 | Q11: 2 | S11: 2 | U11: =(C11+E11+G11+I11+K11+M11+O11+Q11+S11)/9 -> 2 | V11: =(D11+F11+H11+J11+L11+N11+P11+R11+T11)/9 -> 0 | W11: =U11/3 -> 0.66666667 | X11: =V11/3 -> 0 | Y11: =IF(U11<=1," < 50%",IF(U11<2.25,"50-75%","75-100%")) -> 50-75% | Z11: =IF(V11<=1," < 50%",IF(V11<2.25,"50-75%","75-100%")) -> < 50% | AB11: 1
A12: ='Список детей'!A9 -> 8 | B12: ='Список детей'!B9 -> Ковалев Богдан | C12: 2 | E12: 2 | G12: 2 | I12: 2 | K12: 2 | M12: 2 | O12: 2 | Q12: 2 | S12: 2 | U12: =(C12+E12+G12+I12+K12+M12+O12+Q12+S12)/9 -> 2 | V12: =(D12+F12+H12+J12+L12+N12+P12+R12+T12)/9 -> 0 | W12: =U12/3 -> 0.66666667 | X12: =V12/3 -> 0 | Y12: =IF(U12<=1," < 50%",IF(U12<2.25,"50-75%","75-100%")) -> 50-75% | Z12: =IF(V12<=1," < 50%",IF(V12<2.25,"50-75%","75-100%")) -> < 50% | AB12: 1
A13: ='Список детей'!A10 -> 9 | B13: ='Список детей'!B10 -> Назаренко Максим | C13: 2 | E13: 2 | G13: 2 | I13: 2 | K13: 2 | M13: 2 | O13: 2 | Q13: 2 | S13: 2 | U13: =(C13+E13+G13+I13+K13+M13+O13+Q13+S13)/9 -> 2 | V13: =(D13+F13+H13+J13+L13+N13+P13+R13+T13)/9 -> 0 | W13: =U13/3 -> 0.66666667 | X13: =V13/3 -> 0 | Y13: =IF(U13<=1," < 50%",IF(U13<2.25,"50-75%","75-100%")) -> 50-75% | Z13: =IF(V13<=1," < 50%",IF(V13<2.25,"50-75%","75-100%")) -> < 50% | AB13: 1
A14: ='Список детей'!A11 -> 10 | B14: ='Список детей'!B11 -> Пеньков Лев | C14: 2 | E14: 2 | G14: 2 | I14: 2 | K14: 2 | M14: 2 | O14: 2 | Q14: 2 | S14: 2 | U14: =(C14+E14+G14+I14+K14+M14+O14+Q14+S14)/9 -> 2 | V14: =(D14+F14+H14+J14+L14+N14+P14+R14+T14)/9 -> 0 | W14: =U14/3 -> 0.66666667 | X14: =V14/3 -> 0 | Y14: =IF(U14<=1," < 50%",IF(U14<2.25,"50-75%","75-100%")) -> 50-75% | Z14: =IF(V14<=1," < 50%",IF(V14<2.25,"50-75%","75-100%")) -> < 50% | AB14: 1
A15: ='Список детей'!A12 -> 11 | B15: ='Список детей'!B12 -> Скворцова Вероника | C15: 2 | E15: 2 | G15: 2 | I15: 2 | K15: 2 | M15: 2 | O15: 2 | Q15: 2 | S15: 2 | U15: =(C15+E15+G15+I15+K15+M15+O15+Q15+S15)/9 -> 2 | V15: =(D15+F15+H15+J15+L15+N15+P15+R15+T15)/9 -> 0 | W15: =U15/3 -> 0.66666667 | X15: =V15/3 -> 0 | Y15: =IF(U15<=1," < 50%",IF(U15<2.25,"50-75%","75-100%")) -> 50-75% | Z15: =IF(V15<=1," < 50%",IF(V15<2.25,"50-75%","75-100%")) -> < 50% | AB15: 1
A16: ='Список детей'!A13 -> 12 | B16: ='Список детей'!B13 -> Самордин Аким | C16: 1 | E16: 1 | G16: 1 | I16: 1 | K16: 1 | M16: 1 | O16: 1 | Q16: 1 | S16: 1 | U16: =(C16+E16+G16+I16+K16+M16+O16+Q16+S16)/9 -> 1 | V16: =(D16+F16+H16+J16+L16+N16+P16+R16+T16)/9 -> 0 | W16: =U16/3 -> 0.33333333 | X16: 0 | Y16: =IF(U16<=1," < 50%",IF(U16<2.25,"50-75%","75-100%")) -> < 50% | Z16: =IF(V16<=1," < 50%",IF(V16<2.25,"50-75%","75-100%")) -> < 50% | AB16: 1
A17: ='Список детей'!A14 -> 13 | B17: ='Список детей'!B14 -> Франк Гектор | C17: 2 | E17: 2 | G17: 2 | I17: 2 | K17: 2 | M17: 2 | O17: 2 | Q17: 2 | S17: 2 | U17: =(C17+E17+G17+I17+K17+M17+O17+Q17+S17)/9 -> 2 | V17: =(D17+F17+H17+J17+L17+N17+P17+R17+T17)/9 -> 0 | W17: =U17/3 -> 0.66666667 | X17: =V17/3 -> 0 | Y17: =IF(U17<=1," < 50%",IF(U17<2.25,"50-75%","75-100%")) -> 50-75% | Z17: =IF(V17<=1," < 50%",IF(V17<2.25,"50-75%","75-100%")) -> < 50% | AB17: 1
A18: ='Список детей'!A15 -> 14 | B18: ='Список детей'!B15 -> Швыдченко Кирилл | C18: 2 | E18: 2 | G18: 2 | I18: 2 | K18: 2 | M18: 2 | O18: 2 | Q18: 2 | S18: 2 | U18: =(C18+E18+G18+I18+K18+M18+O18+Q18+S18)/9 -> 2 | V18: =(D18+F18+H18+J18+L18+N18+P18+R18+T18)/9 -> 0 | W18: =U18/3 -> 0.66666667 | X18: =V18/3 -> 0 | Y18: =IF(U18<=1," < 50%",IF(U18<2.25,"50-75%","75-100%")) -> 50-75% | Z18: =IF(V18<=1," < 50%",IF(V18<2.25,"50-75%","75-100%")) -> < 50% | AB18: 1
A19: ='Список детей'!A16 -> 15 | B19: ='Список детей'!B16 -> Ребенок 15 | U19: =(C19+E19+G19+I19+K19+M19+O19+Q19+S19)/9 -> 0 | V19: =(D19+F19+H19+J19+L19+N19+P19+R19+T19)/9 -> 0 | W19: =U19/3 -> 0 | X19: =V19/3 -> 0 | Y19: =IF(U19<=1," < 50%",IF(U19<2.25,"50-75%","75-100%")) -> < 50% | Z19: =IF(V19<=1," < 50%",IF(V19<2.25,"50-75%","75-100%")) -> < 50% | AB19: 1
A20: ='Список детей'!A17 -> 16 | B20: ='Список детей'!B17 -> Ребенок 16 | U20: =(C20+E20+G20+I20+K20+M20+O20+Q20+S20)/9 -> 0 | V20: =(D20+F20+H20+J20+L20+N20+P20+R20+T20)/9 -> 0 | W20: =U20/3 -> 0 | X20: =V20/3 -> 0 | Y20: =IF(U20<=1," < 50%",IF(U20<2.25,"50-75%","75-100%")) -> < 50% | Z20: =IF(V20<=1," < 50%",IF(V20<2.25,"50-75%","75-100%")) -> < 50% | AB20: 1
A21: ='Список детей'!A18 -> 17 | B21: ='Список детей'!B18 -> Ребенок 17 | U21: =(C21+E21+G21+I21+K21+M21+O21+Q21+S21)/9 -> 0 | V21: =(D21+F21+H21+J21+L21+N21+P21+R21+T21)/9 -> 0 | W21: =U21/3 -> 0 | X21: =V21/3 -> 0 | Y21: =IF(U21<=1," < 50%",IF(U21<2.25,"50-75%","75-100%")) -> < 50% | Z21: =IF(V21<=1," < 50%",IF(V21<2.25,"50-75%","75-100%")) -> < 50% | AB21: 1
A22: ='Список детей'!A19 -> 18 | B22: ='Список детей'!B19 -> Ребенок 18 | U22: =(C22+E22+G22+I22+K22+M22+O22+Q22+S22)/9 -> 0 | V22: =(D22+F22+H22+J22+L22+N22+P22+R22+T22)/9 -> 0 | W22: =U22/3 -> 0 | X22: =V22/3 -> 0 | Y22: =IF(U22<=1," < 50%",IF(U22<2.25,"50-75%","75-100%")) -> < 50% | Z22: =IF(V22<=1," < 50%",IF(V22<2.25,"50-75%","75-100%")) -> < 50% | AB22: 1
A23: ='Список детей'!A20 -> 19 | B23: ='Список детей'!B20 -> Ребенок 19 | U23: =(C23+E23+G23+I23+K23+M23+O23+Q23+S23)/9 -> 0 | V23: =(D23+F23+H23+J23+L23+N23+P23+R23+T23)/9 -> 0 | W23: =U23/3 -> 0 | X23: =V23/3 -> 0 | Y23: =IF(U23<=1," < 50%",IF(U23<2.25,"50-75%","75-100%")) -> < 50% | Z23: =IF(V23<=1," < 50%",IF(V23<2.25,"50-75%","75-100%")) -> < 50% | AB23: 1
A24: ='Список детей'!A21 -> 20 | B24: ='Список детей'!B21 -> Ребенок 20 | U24: =(C24+E24+G24+I24+K24+M24+O24+Q24+S24)/9 -> 0 | V24: =(D24+F24+H24+J24+L24+N24+P24+R24+T24)/9 -> 0 | W24: =U24/3 -> 0 | X24: =V24/3 -> 0 | Y24: =IF(U24<=1," < 50%",IF(U24<2.25,"50-75%","75-100%")) -> < 50% | Z24: =IF(V24<=1," < 50%",IF(V24<2.25,"50-75%","75-100%")) -> < 50% | AB24: 1
A25: ='Список детей'!A22 -> 21 | B25: ='Список детей'!B22 -> -
A26: ='Список детей'!A23 -> 22 | B26: ='Список детей'!B23 -> -
A27: ='Список детей'!A24 -> 23 | B27: ='Список детей'!B24 -> -
A30: Итоговый показа­тель по группе (сред­нее значение) | C30: =AVERAGE(C5:C29) -> 1.7857143 | D30: =AVERAGE(D5:D29) -> #DIV/0! | E30: =AVERAGE(E5:E29) -> 1.7857143 | F30: =AVERAGE(F5:F29) -> #DIV/0! | G30: =AVERAGE(G5:G29) -> 1.7857143 | H30: =AVERAGE(H5:H29) -> #DIV/0! | I30: =AVERAGE(I5:I29) -> 1.7857143 | J30: =AVERAGE(J5:J29) -> #DIV/0! | ... V30: =AVERAGE(V5:V29) -> 0 | W30: =SUM(W5:W25)/'Список детей'!$C$34 -> 0.5952381 | X30: =SUM(X5:X25)/'Список детей'!$C$34 -> 0
O32: Сент. | P32: Май
N33: Детей <50% | O33: =SUMIF(Y5:Y29," < 50%",AB5:AB29) -> 8 | P33: =SUMIF(Z5:Z29," < 50%",AB5:AB29) -> 20
N34: Детей 50%-75% | O34: =SUMIF(Y5:Y29,"50-75%",AB5:AB29) -> 12 | P34: =SUMIF(Z5:Z29,"50-75%",AB5:AB29) -> 0
N35: Детей 75-100% | O35: =SUMIF(Y5:Y29,"75-100%",AB5:AB29) -> 0 | P35: =SUMIF(Z5:Z29,"75-100%",AB5:AB29) -> 0

Sheet социально-коммуникативное разви
B1: Образовательная область «Социально-коммуникативное развитие»
B2: Воспитатели: Миронова Н.А., Точилкина О.С.
A3: № п/п | B3: Ф.И.О. ребенка | C3: Различает взрослых и детей, мальчиков и девочек по ярким признакам | E3: Имеет представление о себе (узнает на фото), о своем возрасте, поле, показывает основные части своего лица и тела. | G3: Узнает (на фотографии) и называет членов своей семьи. | I3: Замечает ярко выраженное настроение взрослых и детей (смех, плач, радость, злость). | K3: Правильно оринтируется в пространстве группы. | M3: Выполняет элементарные правила поведения ("можно", "нельзя"). | O3: Соблюдает правила поведения в группе и на улице (не мешает другим детям, не ломает то, что сделано руками других, ведет себя спокойно). Демонстрирует правила общения: здоровается, прощается, благодарит. | Q3: Умеет в бытовых ситуациях действовать по словестной инструкции, по показу. Проявляет интерес к участию в подвижных,музыкальных, сюжетных и хороводных играх. | S3: Владеет элементарной трудовой деятельностью. Владеет навыками самообслуживания (одевается, раздевается, складывает одежду, растегивает пуговицы). Приводит в порядок свою одежду, обувь при небольшой помощи взрослых. | U3: Имеет представление об игрушках, способах их использования, проявляет предпочтения в выборе игрушек. | W3: Имеет представления о посуде, способах ее использования, проявляет самостоятельность в приеме пищи. | Y3: Итоговый показатель по каждому ребенку (среднее значение) | AA3: Итоговое значение по каждому ребенку (проценты) | AC3: Итоговое значение по каждому ребенку (по группам)
C4: сент. | D4: май | E4: сент. | F4: май | G4: сент. | H4: май | I4: сент. | J4: май | K4: сент. | L4: май | M4: сент. | N4: май | O4: сент. | P4: май | Q4: сент. | R4: май | S4: сент. | T4: май | U4: сент. | V4: май | W4: сент. | X4: май | Y4: сент. | Z4: май | AA4: сент. | AB4: май | AC4: сент. | AD4: май
A5: ='Список детей'!A2 -> 1 | B5: ='Список детей'!B2 -> Бобрышев Мрон | C5: 1 | E5: 1 | G5: 1 | I5: 1 | K5: 1 | M5: 1 | O5: 1 | Q5: 2 | S5: 1 | U5: 2 | W5: 2 | Y5: =(C5+E5+G5+I5+K5+M5+O5+Q5+S5+U5+W5)/11 -> 1.2727273 | Z5: =(D5+F5+H5+J5+L5+N5+P5+R5+T5+V5+X5)/11 -> 0 | AA5: =Y5/3 -> 0.42424242 | AB5: =Z5/3 -> 0 | AC5: =IF(Y5<=1," < 50%",IF(Y5<2.25,"50-75%","75-100%")) -> 50-75% | AD5: =IF(Z5<=1," < 50%",IF(Z5<2.25,"50-75%","75-100%")) -> < 50% | AF5: 1
A6: ='Список детей'!A3 -> 2 | B6: ='Список детей'!B3 -> Буяновская Варвара | C6: 2 | E6: 2 | G6: 1 | I6: 1 | K6: 2 | M6: 1 | O6: 2 | Q6: 2 | S6: 1 | U6: 2 | W6: 2 | Y6: =(C6+E6+G6+I6+K6+M6+W6)/7 -> 1.5714286 | Z6: =(D6+F6+H6+J6+L6+N6+X6)/7 -> 0 | AA6: =Y6/3 -> 0.52380952 | AB6: =Z6/3 -> 0 | AC6: =IF(Y6<=1," < 50%",IF(Y6<2.25,"50-75%","75-100%")) -> 50-75% | AD6: =IF(Z6<=1," < 50%",IF(Z6<2.25,"50-75%","75-100%")) -> < 50% | AF6: 1
A7: ='Список детей'!A4 -> 3 | B7: ='Список детей'!B4 -> Визиров Саша | C7: 2 | E7: 2 | G7: 2 | I7: 2 | K7: 2 | M7: 2 | O7: 2 | Q7: 2 | S7: 1 | U7: 3 | W7: 3 | Y7: =(C7+E7+G7+I7+K7+M7+W7)/7 -> 2.1428571 | Z7: =(D7+F7+H7+J7+L7+N7+X7)/7 -> 0 | AA7: =Y7/3 -> 0.71428571 | AB7: =Z7/3 -> 0 | AC7: =IF(Y7<=1," < 50%",IF(Y7<2.25,"50-75%","75-100%")) -> 50-75% | AD7: =IF(Z7<=1," < 50%",IF(Z7<2.25,"50-75%","75-100%")) -> < 50% | AF7: 1
A8: ='Список детей'!A5 -> 4 | B8: ='Список детей'!B5 -> Волкова Аня | C8: 2 | E8: 1 | G8: 1 | I8: 1 | K8: 2 | M8: 1 | O8: 2 | Q8: 1 | S8: 1 | U8: 2 | W8: 2 | Y8: =(C8+E8+G8+I8+K8+M8+W8)/7 -> 1.4285714 | Z8: =(D8+F8+H8+J8+L8+N8+X8)/7 -> 0 | AA8: =Y8/3 -> 0.47619048 | AB8: =Z8/3 -> 0 | AC8: =IF(Y8<=1," < 50%",IF(Y8<2.25,"50-75%","75-100%")) -> 50-75% | AD8: =IF(Z8<=1," < 50%",IF(Z8<2.25,"50-75%","75-100%")) -> < 50% | AF8: 1
A9: ='Список детей'!A6 -> 5 | B9: ='Список детей'!B6 -> Волков Даня | C9: 2 | E9: 2 | G9: 2 | I9: 2 | K9: 2 | M9: 1 | O9: 2 | Q9: 2 | S9: 2 | U9: 3 | W9: 3 | Y9: =(C9+E9+G9+I9+K9+M9+W9)/7 -> 2 | Z9: =(D9+F9+H9+J9+L9+N9+X9)/7 -> 0 | AA9: =Y9/3 -> 0.66666667 | AB9: =Z9/3 -> 0 | AC9: =IF(Y9<=1," < 50%",IF(Y9<2.25,"50-75%","75-100%")) -> 50-75% | AD9: =IF(Z9<=1," < 50%",IF(Z9<2.25,"50-75%","75-100%")) -> < 50% | AF9: 1
A10: ='Список детей'!A7 -> 6 | B10: ='Список детей'!B7 -> Григорьева Эмилия | Y10: =(C10+E10+G10+I10+K10+M10+W10)/7 -> 0 | Z10: =(D10+F10+H10+J10+L10+N10+X10)/7 -> 0 | AA10: =Y10/3 -> 0 | AB10: =Z10/3 -> 0 | AC10: =IF(Y10<=1," < 50%",IF(Y10<2.25,"50-75%","75-100%")) -> < 50% | AD10: =IF(Z10<=1," < 50%",IF(Z10<2.25,"50-75%","75-100%")) -> < 50% | AF10: 1
A11: ='Список детей'!A8 -> 7 | B11: ='Список детей'!B8 -> Головастов Вова | C11: 1 | E11: 1 | G11: 1 | I11: 0 | K11: 1 | M11: 1 | O11: 1 | Q11: 1 | S11: 1 | U11: 2 | W11: 2 | Y11: =(C11+E11+G11+I11+K11+M11+W11)/7 -> 1 | Z11: =(D11+F11+H11+J11+L11+N11+X11)/7 -> 0 | AA11: =Y11/3 -> 0.33333333 | AB11: =Z11/3 -> 0 | AC11: =IF(Y11<=1," < 50%",IF(Y11<2.25,"50-75%","75-100%")) -> < 50% | AD11: =IF(Z11<=1," < 50%",IF(Z11<2.25,"50-75%","75-100%")) -> < 50% | AF11: 1
A12: ='Список детей'!A9 -> 8 | B12: ='Список детей'!B9 -> Ковалев Богдан | C12: 0 | E12: 1 | G12: 0 | I12: 1 | K12: 1 | M12: 1 | O12: 1 | Q12: 1 | S12: 0 | U12: 1 | W12: 1 | Y12: =(C12+E12+G12+I12+K12+M12+W12)/7 -> 0.71428571 | Z12: =(D12+F12+H12+J12+L12+N12+X12)/7 -> 0 | AA12: =Y12/3 -> 0.23809524 | AB12: =Z12/3 -> 0 | AC12: =IF(Y12<=1," < 50%",IF(Y12<2.25,"50-75%","75-100%")) -> < 50% | AD12: =IF(Z12<=1," < 50%",IF(Z12<2.25,"50-75%","75-100%")) -> < 50% | AF12: 1
A13: ='Список детей'!A10 -> 9 | B13: ='Список детей'!B10 -> Назаренко Максим | C13: 1 | E13: 2 | G13: 1 | I13: 1 | K13: 2 | M13: 2 | O13: 2 | Q13: 1 | S13: 1 | U13: 2 | W13: 2 | Y13: =(C13+E13+G13+I13+K13+M13+W13)/7 -> 1.5714286 | Z13: =(D13+F13+H13+J13+L13+N13+X13)/7 -> 0 | AA13: =Y13/3 -> 0.52380952 | AB13: =Z13/3 -> 0 | AC13: =IF(Y13<=1," < 50%",IF(Y13<2.25,"50-75%","75-100%")) -> 50-75% | AD13: =IF(Z13<=1," < 50%",IF(Z13<2.25,"50-75%","75-100%")) -> < 50% | AF13: 1
A14: ='Список детей'!A11 -> 10 | B14: ='Список детей'!B11 -> Пеньков Лев | C14: 1 | E14: 1 | G14: 1 | I14: 1 | K14: 2 | M14: 1 | O14: 2 | Q14: 1 | S14: 1 | U14: 2 | W14: 1 | Y14: =(C14+E14+G14+I14+K14+M14+W14)/7 -> 1.1428571 | Z14: =(D14+F14+H14+J14+L14+N14+X14)/7 -> 0 | AA14: =Y14/3 -> 0.38095238 | AB14: =Z14/3 -> 0 | AC14: =IF(Y14<=1," < 50%",IF(Y14<2.25,"50-75%","75-100%")) -> 50-75% | AD14: =IF(Z14<=1," < 50%",IF(Z14<2.25,"50-75%","75-100%")) -> < 50% | AF14: 1
A15: ='Список детей'!A12 -> 11 | B15: ='Список детей'!B12 -> Скворцова Вероника | C15: 2 | E15: 2 | G15: 2 | I15: 1 | K15: 2 | M15: 2 | O15: 2 | Q15: 1 | S15: 2 | U15: 2 | W15: 2 | Y15: =(C15+E15+G15+I15+K15+M15+W15)/7 -> 1.8571429 | Z15: =(D15+F15+H15+J15+L15+N15+X15)/7 -> 0 | AA15: =Y15/3 -> 0.61904762 | AB15: =Z15/3 -> 0 | AC15: =IF(Y15<=1," < 50%",IF(Y15<2.25,"50-75%","75-100%")) -> 50-75% | AD15: =IF(Z15<=1," < 50%",IF(Z15<2.25,"50-75%","75-100%")) -> < 50% | AF15: 1
A16: ='Список детей'!A13 -> 12 | B16: ='Список детей'!B13 -> Самордин Аким | C16: 0 | E16: 0 | G16: 0 | I16: 1 | K16: 1 | M16: 0 | O16: 1 | Q16: 0 | S16: 0 | U16: 1 | W16: 1 | Y16: =(C16+E16+G16+I16+K16+M16+W16)/7 -> 0.42857143 | Z16: =(D16+F16+H16+J16+L16+N16+X16)/7 -> 0 | AA16: =Y16/3 -> 0.14285714 | AB16: =Z16/3 -> 0 | AC16: =IF(Y16<=1," < 50%",IF(Y16<2.25,"50-75%","75-100%")) -> < 50% | AD16: =IF(Z16<=1," < 50%",IF(Z16<2.25,"50-75%","75-100%")) -> < 50% | AF16: 1
A17: ='Список детей'!A14 -> 13 | B17: ='Список детей'!B14 -> Франк Гектор | C17: 2 | E17: 1 | G17: 1 | I17: 1 | K17: 2 | M17: 1 | O17: 1 | Q17: 1 | S17: 2 | U17: 2 | W17: 2 | Y17: =(C17+E17+G17+I17+K17+M17+W17)/7 -> 1.4285714 | Z17: =(D17+F17+H17+J17+L17+N17+X17)/7 -> 0 | AA17: =Y17/3 -> 0.47619048 | AB17: =Z17/3 -> 0 | AC17: =IF(Y17<=1," < 50%",IF(Y17<2.25,"50-75%","75-100%")) -> 50-75% | AD17: =IF(Z17<=1," < 50%",IF(Z17<2.25,"50-75%","75-100%")) -> < 50% | AF17: 1
A18: ='Список детей'!A15 -> 14 | B18: ='Список детей'!B15 -> Швыдченко Кирилл | C18: 1 | E18: 1 | G18: 1 | I18: 1 | K18: 2 | M18: 1 | O18: 2 | Q18: 2 | S18: 1 | U18: 2 | W18: 1 | Y18: =(C18+E18+G18+I18+K18+M18+W18)/7 -> 1.1428571 | Z18: =(D18+F18+H18+J18+L18+N18+X18)/7 -> 0 | AA18: =Y18/3 -> 0.38095238 | AB18: =Z18/3 -> 0 | AC18: =IF(Y18<=1," < 50%",IF(Y18<2.25,"50-75%","75-100%")) -> 50-75% | AD18: =IF(Z18<=1," < 50%",IF(Z18<2.25,"50-75%","75-100%")) -> < 50% | AF18: 1
A19: ='Список детей'!A16 -> 15 | B19: ='Список детей'!B16 -> Ребенок 15 | Y19: =(C19+E19+G19+I19+K19+M19+W19)/7 -> 0 | Z19: =(D19+F19+H19+J19+L19+N19+X19)/7 -> 0 | AA19: =Y19/3 -> 0 | AB19: =Z19/3 -> 0 | AC19: =IF(Y19<=1," < 50%",IF(Y19<2.25,"50-75%","75-100%")) -> < 50% | AD19: =IF(Z19<=1," < 50%",IF(Z19<2.25,"50-75%","75-100%")) -> < 50% | AF19: 1
A20: ='Список детей'!A17 -> 16 | B20: ='Список детей'!B17 -> Ребенок 16 | Y20: =(C20+E20+G20+I20+K20+M20+W20)/7 -> 0 | Z20: =(D20+F20+H20+J20+L20+N20+X20)/7 -> 0 | AA20: =Y20/3 -> 0 | AB20: =Z20/3 -> 0 | AC20: =IF(Y20<=1," < 50%",IF(Y20<2.25,"50-75%","75-100%")) -> < 50% | AD20: =IF(Z20<=1," < 50%",IF(Z20<2.25,"50-75%","75-100%")) -> < 50% | AF20: 1
A21: ='Список детей'!A18 -> 17 | B21: ='Список детей'!B18 -> Ребенок 17 | Y21: =(C21+E21+G21+I21+K21+M21+W21)/7 -> 0 | Z21: =(D21+F21+H21+J21+L21+N21+X21)/7 -> 0 | AA21: =Y21/3 -> 0 | AB21: =Z21/3 -> 0 | AC21: =IF(Y21<=1," < 50%",IF(Y21<2.25,"50-75%","75-100%")) -> < 50% | AD21: =IF(Z21<=1," < 50%",IF(Z21<2.25,"50-75%","75-100%")) -> < 50% | AF21: 1
A22: ='Список детей'!A19 -> 18 | B22: ='Список детей'!B19 -> Ребенок 18 | Y22: =(C22+E22+G22+I22+K22+M22+W22)/7 -> 0 | Z22: =(D22+F22+H22+J22+L22+N22+X22)/7 -> 0 | AA22: =Y22/3 -> 0 | AB22: =Z22/3 -> 0 | AC22: =IF(Y22<=1," < 50%",IF(Y22<2.25,"50-75%","75-100%")) -> < 50% | AD22: =IF(Z22<=1," < 50%",IF(Z22<2.25,"50-75%","75-100%")) -> < 50% | AF22: 1
A23: ='Список детей'!A20 -> 19 | B23: ='Список детей'!B20 -> Ребенок 19 | Y23: =(C23+E23+G23+I23+K23+M23+W23)/7 -> 0 | Z23: =(D23+F23+H23+J23+L23+N23+X23)/7 -> 0 | AA23: =Y23/3 -> 0 | AB23: =Z23/3 -> 0 | AC23: =IF(Y23<=1," < 50%",IF(Y23<2.25,"50-75%","75-100%")) -> < 50% | AD23: =IF(Z23<=1," < 50%",IF(Z23<2.25,"50-75%","75-100%")) -> < 50% | AF23: 1
A24: ='Список детей'!A21 -> 20 | B24: ='Список детей'!B21 -> Ребенок 20 | Y24: =(C24+E24+G24+I24+K24+M24+W24)/7 -> 0 | Z24: =(D24+F24+H24+J24+L24+N24+X24)/7 -> 0 | AA24: =Y24/3 -> 0 | AB24: =Z24/3 -> 0 | AC24: =IF(Y24<=1," < 50%",IF(Y24<2.25,"50-75%","75-100%")) -> < 50% | AD24: =IF(Z24<=1," < 50%",IF(Z24<2.25,"50-75%","75-100%")) -> < 50% | AF24: 1
A25: ='Список детей'!A22 -> 21 | B25: ='Список детей'!B22 -> -
A26: ='Список детей'!A23 -> 22 | B26: ='Список детей'!B23 -> -
A27: ='Список детей'!A24 -> 23 | B27: ='Список детей'!B24 -> -
A30: Итоговый показа­тель по группе (сред­нее значение) | C30: =SUM(C5:C29)/'Список детей'!$C$34 -> 1.2142857 | D30: =SUM(D5:D29)/'Список детей'!$C$34 -> 0 | E30: =SUM(E5:E29)/'Список детей'!$C$34 -> 1.2142857 | F30: =SUM(F5:F29)/'Список детей'!$C$34 -> 0 | G30: =SUM(G5:G29)/'Список детей'!$C$34 -> 1 | H30: =SUM(H5:H29)/'Список детей'!$C$34 -> 0 | I30: =SUM(I5:I29)/'Список детей'!$C$34 -> 1 | J30: =SUM(J5:J29)/'Список детей'!$C$34 -> 0 | ... X30: =SUM(X5:X29)/'Список детей'!$C$34 -> 0 | Y30: =(C30+E30+G30+I30+K30+M30+W30+O30+Q30+S30+U30)/11 -> 1.3051948 | Z30: =(D30+F30+H30+J30+L30+N30+X30+P30+R30+T30+V30)/11 -> 0 | AA30: =SUM(AA5:AA25)/'Список детей'!$C$34 -> 0.42145949 | AB30: =SUM(AB5:AB25)/'Список детей'!$C$34 -> 0
W32: Сент. | X32: Май
N33: Детей <50% | W33: =SUMIF(AC5:AC29," < 50%",AF5:AF29) -> 10 | X33: =SUMIF(AD5:AD29," < 50%",AF5:AF29) -> 20
N34: Детей 50%-75% | W34: =SUMIF(AC5:AC29,"50-75%",AF5:AF29) -> 10 | X34: =SUMIF(AD5:AD29,"50-75%",AF5:AF29) -> 0
N35: Детей 75-100% | W35: =SUMIF(AC5:AC29,"75-100%",AF5:AF29) -> 0 | X35: =SUMIF(AD5:AD29,"75-100%",AF5:AF29) -> 0

Sheet речевое развитие
B1: Образовательная область «Речевое развитие»
B2: Воспитатели Миронова Н.А., Точилкина О.С.
A3: № п/п | B3: Ф.И.О. ребенка | C3: Связная речь: Отвечает на разнообразные вопросы взрослого (в пределах ближайшего окружения). Проявляет активность в общении. Понимает обращенную речь | E3: Формирование словаря: Пользуется существительными обозначающие предметы ближайшего окружения, пользуется прилагательными, глаголами обозначающие трудовые действия | G3: Звуковая культура речи: Умеет говорить внятно, не торопясь. Использует разные по сложности слова необходимые для выражения мысли, эмоционально окрашивает речь | I3: Художественная литература: Слушает до конца небольшие потешки.сказки. Умеет рассматривать книги и иллюстрации,умеет воспроизводить движения в соответствии с ритмом и темпом стихотворного произведения | K3: Итоговый показатель по каждому ребенку (среднее значение) | M3: Итоговое значение по каждому ребенку (проценты) | O3: Итоговое значение по каждому ребенку (по группам)
C4: сент. | D4: май | E4: сент. | F4: май | G4: сент. | H4: май | I4: сент. | J4: май | K4: сент. | L4: май | M4: сент. | N4: май | O4: сент. | P4: май
A5: ='Список детей'!A2 -> 1 | B5: ='Список детей'!B2 -> Бобрышев Мрон | C5: 1 | E5: 1 | G5: 1 | I5: 1 | K5: =(C5+E5+G5+I5)/4 -> 1 | L5: =(D5+F5+H5+J5)/4 -> 0 | M5: =K5/3 -> 0.33333333 | N5: =L5/3 -> 0 | O5: =IF(K5<=1," < 50%",IF(K5<2.25,"50-75%","75-100%")) -> < 50% | P5: =IF(L5<=1," < 50%",IF(L5<2.25,"50-75%","75-100%")) -> < 50% | R5: 1
A6: ='Список детей'!A3 -> 2 | B6: ='Список детей'!B3 -> Буяновская Варвара | C6: 2 | E6: 2 | G6: 2 | I6: 1 | K6: =(C6+E6+G6+I6)/4 -> 1.75 | L6: =(D6+F6+H6+J6)/4 -> 0 | M6: =K6/3 -> 0.58333333 | N6: =L6/3 -> 0 | O6: =IF(K6<=1," < 50%",IF(K6<2.25,"50-75%","75-100%")) -> 50-75% | P6: =IF(L6<=1," < 50%",IF(L6<2.25,"50-75%","75-100%")) -> < 50% | R6: 1
A7: ='Список детей'!A4 -> 3 | B7: ='Список детей'!B4 -> Визиров Саша | C7: 3 | E7: 2 | G7: 3 | I7: 2 | K7: =(C7+E7+G7+I7)/4 -> 2.5 | L7: =(D7+F7+H7+J7)/4 -> 0 | M7: =K7/3 -> 0.83333333 | N7: =L7/3 -> 0 | O7: =IF(K7<=1," < 50%",IF(K7<2.25,"50-75%","75-100%")) -> 75-100% | P7: =IF(L7<=1," < 50%",IF(L7<2.25,"50-75%","75-100%")) -> < 50% | R7: 1
A8: ='Список детей'!A5 -> 4 | B8: ='Список детей'!B5 -> Волкова Аня | C8: 2 | E8: 2 | G8: 2 | I8: 2 | K8: =(C8+E8+G8+I8)/4 -> 2 | L8: =(D8+F8+H8+J8)/4 -> 0 | M8: =K8/3 -> 0.66666667 | N8: =L8/3 -> 0 | O8: =IF(K8<=1," < 50%",IF(K8<2.25,"50-75%","75-100%")) -> 50-75% | P8: =IF(L8<=1," < 50%",IF(L8<2.25,"50-75%","75-100%")) -> < 50% | R8: 1
A9: ='Список детей'!A6 -> 5 | B9: ='Список детей'!B6 -> Волков Даня | C9: 3 | E9: 2 | G9: 3 | I9: 2 | K9: =(C9+E9+G9+I9)/4 -> 2.5 | L9: =(D9+F9+H9+J9)/4 -> 0 | M9: =K9/3 -> 0.83333333 | N9: =L9/3 -> 0 | O9: =IF(K9<=1," < 50%",IF(K9<2.25,"50-75%","75-100%")) -> 75-100% | P9: =IF(L9<=1," < 50%",IF(L9<2.25,"50-75%","75-100%")) -> < 50% | R9: 1
A10: ='Список детей'!A7 -> 6 | B10: ='Список детей'!B7 -> Григорьева Эмилия | K10: =(C10+E10+G10+I10)/4 -> 0 | L10: =(D10+F10+H10+J10)/4 -> 0 | M10: =K10/3 -> 0 | N10: =L10/3 -> 0 | O10: =IF(K10<=1," < 50%",IF(K10<2.25,"50-75%","75-100%")) -> < 50% | P10: =IF(L10<=1," < 50%",IF(L10<2.25,"50-75%","75-100%")) -> < 50% | R10: 1
A11: ='Список детей'!A8 -> 7 | B11: ='Список детей'!B8 -> Головастов Вова | C11: 0 | E11: 0 | G11: 0 | I11: 1 | K11: =(C11+E11+G11+I11)/4 -> 0.25 | L11: =(D11+F11+H11+J11)/4 -> 0 | M11: =K11/3 -> 0.083333333 | N11: =L11/3 -> 0 | O11: =IF(K11<=1," < 50%",IF(K11<2.25,"50-75%","75-100%")) -> < 50% | P11: =IF(L11<=1," < 50%",IF(L11<2.25,"50-75%","75-100%")) -> < 50% | R11: 1
A12: ='Список детей'!A9 -> 8 | B12: ='Список детей'!B9 -> Ковалев Богдан | C12: 0 | E12: 0 | G12: 0 | I12: 1 | K12: =(C12+E12+G12+I12)/4 -> 0.25 | L12: =(D12+F12+H12+J12)/4 -> 0 | M12: =K12/3 -> 0.083333333 | N12: =L12/3 -> 0 | O12: =IF(K12<=1," < 50%",IF(K12<2.25,"50-75%","75-100%")) -> < 50% | P12: =IF(L12<=1," < 50%",IF(L12<2.25,"50-75%","75-100%")) -> < 50% | R12: 1
A13: ='Список детей'!A10 -> 9 | B13: ='Список детей'!B10 -> Назаренко Максим | C13: 2 | E13: 1 | G13: 1 | I13: 2 | K13: =(C13+E13+G13+I13)/4 -> 1.5 | L13: =(D13+F13+H13+J13)/4 -> 0 | M13: =K13/3 -> 0.5 | N13: =L13/3 -> 0 | O13: =IF(K13<=1," < 50%",IF(K13<2.25,"50-75%","75-100%")) -> 50-75% | P13: =IF(L13<=1," < 50%",IF(L13<2.25,"50-75%","75-100%")) -> < 50% | R13: 1
A14: ='Список детей'!A11 -> 10 | B14: ='Список детей'!B11 -> Пеньков Лев | C14: 0 | E14: 0 | G14: 0 | I14: 1 | K14: =(C14+E14+G14+I14)/4 -> 0.25 | L14: =(D14+F14+H14+J14)/4 -> 0 | M14: =K14/3 -> 0.083333333 | N14: =L14/3 -> 0 | O14: =IF(K14<=1," < 50%",IF(K14<2.25,"50-75%","75-100%")) -> < 50% | P14: =IF(L14<=1," < 50%",IF(L14<2.25,"50-75%","75-100%")) -> < 50% | R14: 1
A15: ='Список детей'!A12 -> 11 | B15: ='Список детей'!B12 -> Скворцова Вероника | C15: 2 | E15: 2 | G15: 2 | I15: 2 | K15: =(C15+E15+G15+I15)/4 -> 2 | L15: =(D15+F15+H15+J15)/4 -> 0 | M15: =K15/3 -> 0.66666667 | N15: =L15/3 -> 0 | O15: =IF(K15<=1," < 50%",IF(K15<2.25,"50-75%","75-100%")) -> 50-75% | P15: =IF(L15<=1," < 50%",IF(L15<2.25,"50-75%","75-100%")) -> < 50% | R15: 1
A16: ='Список детей'!A13 -> 12 | B16: ='Список детей'!B13 -> Самордин Аким | C16: 0 | E16: 0 | G16: 0 | I16: 0 | K16: =(C16+E16+G16+I16)/4 -> 0 | L16: =(D16+F16+H16+J16)/4 -> 0 | M16: =K16/3 -> 0 | N16: =L16/3 -> 0 | O16: =IF(K16<=1," < 50%",IF(K16<2.25,"50-75%","75-100%")) -> < 50% | P16: =IF(L16<=1," < 50%",IF(L16<2.25,"50-75%","75-100%")) -> < 50% | R16: 1
A17: ='Список детей'!A14 -> 13 | B17: ='Список детей'!B14 -> Франк Гектор | C17: 1 | E17: 1 | G17: 1 | I17: 1 | K17: =(C17+E17+G17+I17)/4 -> 1 | L17: =(D17+F17+H17+J17)/4 -> 0 | M17: =K17/3 -> 0.33333333 | N17: =L17/3 -> 0 | O17: =IF(K17<=1," < 50%",IF(K17<2.25,"50-75%","75-100%")) -> < 50% | P17: =IF(L17<=1," < 50%",IF(L17<2.25,"50-75%","75-100%")) -> < 50% | R17: 1
A18: ='Список детей'!A15 -> 14 | B18: ='Список детей'!B15 -> Швыдченко Кирилл | C18: 0 | E18: 0 | G18: 0 | I18: 2 | K18: =(C18+E18+G18+I18)/4 -> 0.5 | L18: =(D18+F18+H18+J18)/4 -> 0 | M18: =K18/3 -> 0.16666667 | N18: =L18/3 -> 0 | O18: =IF(K18<=1," < 50%",IF(K18<2.25,"50-75%","75-100%")) -> < 50% | P18: =IF(L18<=1," < 50%",IF(L18<2.25,"50-75%","75-100%")) -> < 50% | R18: 1
A19: ='Список детей'!A16 -> 15 | B19: ='Список детей'!B16 -> Ребенок 15 | K19: =(C19+E19+G19+I19)/4 -> 0 | L19: =(D19+F19+H19+J19)/4 -> 0 | M19: =K19/3 -> 0 | N19: =L19/3 -> 0 | O19: =IF(K19<=1," < 50%",IF(K19<2.25,"50-75%","75-100%")) -> < 50% | P19: =IF(L19<=1," < 50%",IF(L19<2.25,"50-75%","75-100%")) -> < 50% | R19: 1
A20: ='Список детей'!A17 -> 16 | B20: ='Список детей'!B17 -> Ребенок 16 | K20: =(C20+E20+G20+I20)/4 -> 0 | L20: =(D20+F20+H20+J20)/4 -> 0 | M20: =K20/3 -> 0 | N20: =L20/3 -> 0 | O20: =IF(K20<=1," < 50%",IF(K20<2.25,"50-75%","75-100%")) -> < 50% | P20: =IF(L20<=1," < 50%",IF(L20<2.25,"50-75%","75-100%")) -> < 50% | R20: 1
A21: ='Список детей'!A18 -> 17 | B21: ='Список детей'!B18 -> Ребенок 17 | K21: =(C21+E21+G21+I21)/4 -> 0 | L21: =(D21+F21+H21+J21)/4 -> 0 | M21: =K21/3 -> 0 | N21: =L21/3 -> 0 | O21: =IF(K21<=1," < 50%",IF(K21<2.25,"50-75%","75-100%")) -> < 50% | P21: =IF(L21<=1," < 50%",IF(L21<2.25,"50-75%","75-100%")) -> < 50% | R21: 1
A22: ='Список детей'!A19 -> 18 | B22: ='Список детей'!B19 -> Ребенок 18 | K22: =(C22+E22+G22+I22)/4 -> 0 | L22: =(D22+F22+H22+J22)/4 -> 0 | M22: =K22/3 -> 0 | N22: =L22/3 -> 0 | O22: =IF(K22<=1," < 50%",IF(K22<2.25,"50-75%","75-100%")) -> < 50% | P22: =IF(L22<=1," < 50%",IF(L22<2.25,"50-75%","75-100%")) -> < 50% | R22: 1
A23: ='Список детей'!A20 -> 19 | B23: ='Список детей'!B20 -> Ребенок 19 | K23: =(C23+E23+G23+I23)/4 -> 0 | L23: =(D23+F23+H23+J23)/4 -> 0 | M23: =K23/3 -> 0 | N23: =L23/3 -> 0 | O23: =IF(K23<=1," < 50%",IF(K23<2.25,"50-75%","75-100%")) -> < 50% | P23: =IF(L23<=1," < 50%",IF(L23<2.25,"50-75%","75-100%")) -> < 50% | R23: 1
A24: ='Список детей'!A21 -> 20 | B24: ='Список детей'!B21 -> Ребенок 20 | K24: =(C24+E24+G24+I24)/4 -> 0 | L24: =(D24+F24+H24+J24)/4 -> 0 | M24: =K24/3 -> 0 | N24: =L24/3 -> 0 | O24: =IF(K24<=1," < 50%",IF(K24<2.25,"50-75%","75-100%")) -> < 50% | P24: =IF(L24<=1," < 50%",IF(L24<2.25,"50-75%","75-100%")) -> < 50% | R24: 1
A25: ='Список детей'!A22 -> 21 | B25: ='Список детей'!B22 -> -
A26: ='Список детей'!A23 -> 22 | B26: ='Список детей'!B23 -> -
A27: ='Список детей'!A24 -> 23 | B27: ='Список детей'!B24 -> -
A30: Итоговый показа­тель по группе (сред­нее значение) | C30: =AVERAGE(C5:C29) -> 1.2307692 | D30: =AVERAGE(D5:D29) -> #DIV/0! | E30: =AVERAGE(E5:E29) -> 1 | F30: =AVERAGE(F5:F29) -> #DIV/0! | G30: =AVERAGE(G5:G29) -> 1.1538462 | H30: =AVERAGE(H5:H29) -> #DIV/0! | I30: =AVERAGE(I5:I29) -> 1.3846154 | J30: =AVERAGE(J5:J29) -> #DIV/0! | K30: =(C30+E30+G30+I30)/4 -> 1.1923077 | L30: =(D30+F30+H30+J30)/4 -> #DIV/0! | M30: =SUM(M5:M25)/'Список детей'!$C$34 -> 0.36904762 | N30: =SUM(N5:N25)/'Список детей'!$C$34 -> 0
O32: Сент. | P32: Май
N33: Детей <50% | O33: =SUMIF(O5:O29," < 50%",R5:R29) -> 14 | P33: =SUMIF(P5:P29," < 50%",R5:R29) -> 20
N34: Детей 50%-75% | O34: =SUMIF(O5:O29,"50-75%",R5:R29) -> 4 | P34: =SUMIF(P5:P29,"50-75%",R5:R29) -> 0
N35: Детей 75-100% | O35: =SUMIF(O5:O29,"75-100%",R5:R29) -> 2 | P35: =SUMIF(P5:P29,"75-100%",R5:R29) -> 0

Sheet художественно-эстетическое раз
B1: Образовательная область «Художественно-эстетическое развитие»
B2: Воспитатели Миронова Н.А., Точилкина О.С.
A3: № п/п | B3: Ф.И.О. ребенка | C3: Умеет действовать как по образцу, так и самостоятельно, по собственному замыслу. Различает цвета, подбирает цвета, соответствующие изображаемым предметам. | E3: Знает, называет и правильно использует изобразительные материалы, правильно работает карандашом и кистью. | G3: Изображает простейшие предметы и явления действительности, испоьзуя округлые, наклонные, длинные, короткие, пересекающиеся линии. | I3: Создает изображения предметов из готовых бумажных фигур, украшает заготовки из бумаги разной формы. Умеет пользоваться клеем. | K3: Лепит предметы из 1 - 3 частей, используя разнообразные приемы лепки: скатывание, сплющивание, соединение, защипывание. | M3: Конструктивная деятельность: Умеет сооружать элементарные постройки, ознакомлен с деталями (кубик, кирпичик). Пользуется сюжетными игрушками. Убирает конструктор на место. | O3: Умеет выполнять танцевальные движения: хлопать, притопывать ногой, приседать, совершать повороты. Умеет слышать начало и конец музыки. Умеет передавать образы (птичка летает, зайка прыгает и т.д.) под музыку. | Q3: Слушает музыкальные произведения до конца, узнает знакомые песни. Замечает изменения в звучании музыки (тихо, громко, высоко - низко, быстро - медленно) | S3: Приобщение к исскуству: Может смотреть, слушать и испытывать радость в процессе ознакомления с изобразительным и музыкальным исскуством, природой. Проявляет интерес к фольклеру (потешки, прибаутки) | U3: Итоговый показатель по каждому ребенку (среднее значение) | W3: Итоговый показатель по каждому ребенку (проценты) | Y3: Итоговое значение по каждому ребенку (по группам)
D5: май | E5: сент | F5: май | G5: сент | H5: май | I5: сент | J5: май | K5: сент | L5: май | M5: сент | N5: май | O5: сент | P5: май | Q5: сент | R5: май | S5: сент | T5: май | U5: сент | V5: май | W5: сент | X5: май | Y5: сент. | Z5: май
A6: ='Список детей'!A2 -> 1 | B6: ='Список детей'!B2 -> Бобрышев Мрон | C6: 1 | E6: 1 | G6: 1 | I6: 1 | K6: 2 | M6: 2 | O6: 2 | Q6: 2 | S6: 2 | U6: =(C6+E6+G6+I6+K6+M6+O6+Q6+S6)/9 -> 1.5555556 | V6: =(D6+F6+H6+J6+L6+N6+P6+R6+T6)/9 -> 0 | W6: =U6/3 -> 0.51851852 | X6: =V6/3 -> 0 | Y6: =IF(U6<=1," < 50%",IF(U6<2.25,"50-75%","75-100%")) -> 50-75% | Z6: =IF(V6<=1," < 50%",IF(V6<2.25,"50-75%","75-100%")) -> < 50% | AB6: 1
A7: ='Список детей'!A3 -> 2 | B7: ='Список детей'!B3 -> Буяновская Варвара | C7: 2 | E7: 1 | G7: 1 | I7: 1 | K7: 2 | M7: 2 | O7: 2 | Q7: 1 | S7: 2 | U7: =(C7+E7+G7+I7+K7+M7+O7+Q7+S7)/9 -> 1.5555556 | V7: =(D7+F7+H7+J7+L7+N7+P7+R7+T7)/9 -> 0 | W7: =U7/3 -> 0.51851852 | X7: =V7/3 -> 0 | Y7: =IF(U7<=1," < 50%",IF(U7<2.25,"50-75%","75-100%")) -> 50-75% | Z7: =IF(V7<=1," < 50%",IF(V7<2.25,"50-75%","75-100%")) -> < 50% | AB7: 1
A8: ='Список детей'!A4 -> 3 | B8: ='Список детей'!B4 -> Визиров Саша | C8: 2 | E8: 2 | G8: 2 | I8: 1 | K8: 2 | M8: 2 | O8: 2 | Q8: 2 | S8: 2 | U8: =(C8+E8+G8+I8+K8+M8+O8+Q8+S8)/9 -> 1.8888889 | V8: =(D8+F8+H8+J8+L8+N8+P8+R8+T8)/9 -> 0 | W8: =U8/3 -> 0.62962963 | X8: =V8/3 -> 0 | Y8: =IF(U8<=1," < 50%",IF(U8<2.25,"50-75%","75-100%")) -> 50-75% | Z8: =IF(V8<=1," < 50%",IF(V8<2.25,"50-75%","75-100%")) -> < 50% | AB8: 1
A9: ='Список детей'!A5 -> 4 | B9: ='Список детей'!B5 -> Волкова Аня | C9: 1 | E9: 1 | G9: 2 | I9: 1 | K9: 2 | M9: 2 | O9: 2 | Q9: 2 | S9: 2 | U9: =(C9+E9+G9+I9+K9+M9+O9+Q9+S9)/9 -> 1.6666667 | V9: =(D9+F9+H9+J9+L9+N9+P9+R9+T9)/9 -> 0 | W9: =U9/3 -> 0.55555556 | X9: =V9/3 -> 0 | Y9: =IF(U9<=1," < 50%",IF(U9<2.25,"50-75%","75-100%")) -> 50-75% | Z9: =IF(V9<=1," < 50%",IF(V9<2.25,"50-75%","75-100%")) -> < 50% | AB9: 1
A10: ='Список детей'!A6 -> 5 | B10: ='Список детей'!B6 -> Волков Даня | C10: 2 | E10: 2 | G10: 2 | I10: 1 | K10: 2 | M10: 2 | O10: 3 | Q10: 2 | S10: 2 | U10: =(C10+E10+G10+I10+K10+M10+O10+Q10+S10)/9 -> 2 | V10: =(D10+F10+H10+J10+L10+N10+P10+R10+T10)/9 -> 0 | W10: =U10/3 -> 0.66666667 | X10: =V10/3 -> 0 | Y10: =IF(U10<=1," < 50%",IF(U10<2.25,"50-75%","75-100%")) -> 50-75% | Z10: =IF(V10<=1," < 50%",IF(V10<2.25,"50-75%","75-100%")) -> < 50% | AB10: 1
A11: ='Список детей'!A7 -> 6 | B11: ='Список детей'!B7 -> Григорьева Эмилия | U11: =(C11+E11+G11+I11+K11+M11+O11+Q11+S11)/9 -> 0 | V11: =(D11+F11+H11+J11+L11+N11+P11+R11+T11)/9 -> 0 | W11: =U11/3 -> 0 | X11: =V11/3 -> 0 | Y11: =IF(U11<=1," < 50%",IF(U11<2.25,"50-75%","75-100%")) -> < 50% | Z11: =IF(V11<=1," < 50%",IF(V11<2.25,"50-75%","75-100%")) -> < 50% | AB11: 1
A12: ='Список детей'!A8 -> 7 | B12: ='Список детей'!B8 -> Головастов Вова | C12: 1 | E12: 1 | G12: 1 | I12: 1 | K12: 2 | M12: 2 | O12: 1 | Q12: 0 | S12: 2 | U12: =(C12+E12+G12+I12+K12+M12+O12+Q12+S12)/9 -> 1.2222222 | V12: =(D12+F12+H12+J12+L12+N12+P12+R12+T12)/9 -> 0 | W12: =U12/3 -> 0.40740741 | X12: =V12/3 -> 0 | Y12: =IF(U12<=1," < 50%",IF(U12<2.25,"50-75%","75-100%")) -> 50-75% | Z12: =IF(V12<=1," < 50%",IF(V12<2.25,"50-75%","75-100%")) -> < 50% | AB12: 1
A13: ='Список детей'!A9 -> 8 | B13: ='Список детей'!B9 -> Ковалев Богдан | C13: 0 | E13: 1 | G13: 0 | I13: 1 | K13: 0 | M13: 1 | O13: 1 | Q13: 0 | S13: 1 | U13: =(C13+E13+G13+I13+K13+M13+O13+Q13+S13)/9 -> 0.55555556 | V13: =(D13+F13+H13+J13+L13+N13+P13+R13+T13)/9 -> 0 | W13: =U13/3 -> 0.18518519 | X13: =V13/3 -> 0 | Y13: =IF(U13<=1," < 50%",IF(U13<2.25,"50-75%","75-100%")) -> < 50% | Z13: =IF(V13<=1," < 50%",IF(V13<2.25,"50-75%","75-100%")) -> < 50% | AB13: 1
A14: ='Список детей'!A10 -> 9 | B14: ='Список детей'!B10 -> Назаренко Максим | C14: 1 | E14: 2 | G14: 1 | I14: 1 | K14: 2 | M14: 2 | O14: 1 | Q14: 1 | S14: 2 | U14: =(C14+E14+G14+I14+K14+M14+O14+Q14+S14)/9 -> 1.4444444 | V14: =(D14+F14+H14+J14+L14+N14+P14+R14+T14)/9 -> 0 | W14: =U14/3 -> 0.48148148 | X14: =V14/3 -> 0 | Y14: =IF(U14<=1," < 50%",IF(U14<2.25,"50-75%","75-100%")) -> 50-75% | Z14: =IF(V14<=1," < 50%",IF(V14<2.25,"50-75%","75-100%")) -> < 50% | AB14: 1
A15: ='Список детей'!A11 -> 10 | B15: ='Список детей'!B11 -> Пеньков Лев | C15: 1 | E15: 1 | G15: 1 | I15: 1 | K15: 1 | M15: 2 | O15: 1 | Q15: 0 | S15: 1 | U15: =(C15+E15+G15+I15+K15+M15+O15+Q15+S15)/9 -> 1 | V15: =(D15+F15+H15+J15+L15+N15+P15+R15+T15)/9 -> 0 | W15: =U15/3 -> 0.33333333 | X15: =V15/3 -> 0 | Y15: =IF(U15<=1," < 50%",IF(U15<2.25,"50-75%","75-100%")) -> < 50% | Z15: =IF(V15<=1," < 50%",IF(V15<2.25,"50-75%","75-100%")) -> < 50% | AB15: 1
A16: ='Список детей'!A12 -> 11 | B16: ='Список детей'!B12 -> Скворцова Вероника | C16: 2 | E16: 2 | G16: 2 | I16: 1 | K16: 2 | M16: 2 | O16: 3 | Q16: 2 | S16: 2 | U16: =(C16+E16+G16+I16+K16+M16+O16+Q16+S16)/9 -> 2 | V16: =(D16+F16+H16+J16+L16+N16+P16+R16+T16)/9 -> 0 | W16: =U16/3 -> 0.66666667 | X16: =V16/3 -> 0 | Y16: =IF(U16<=1," < 50%",IF(U16<2.25,"50-75%","75-100%")) -> 50-75% | Z16: =IF(V16<=1," < 50%",IF(V16<2.25,"50-75%","75-100%")) -> < 50% | AB16: 1
A17: ='Список детей'!A13 -> 12 | B17: ='Список детей'!B13 -> Самордин Аким | C17: 0 | E17: 1 | G17: 0 | I17: 0 | K17: 0 | M17: 1 | O17: 1 | Q17: 0 | S17: 1 | U17: =(C17+E17+G17+I17+K17+M17+O17+Q17+S17)/9 -> 0.44444444 | V17: =(D17+F17+H17+J17+L17+N17+P17+R17+T17)/9 -> 0 | W17: =U17/3 -> 0.14814815 | X17: =V17/3 -> 0 | Y17: =IF(U17<=1," < 50%",IF(U17<2.25,"50-75%","75-100%")) -> < 50% | Z17: =IF(V17<=1," < 50%",IF(V17<2.25,"50-75%","75-100%")) -> < 50% | AB17: 1
A18: ='Список детей'!A14 -> 13 | B18: ='Список детей'!B14 -> Франк Гектор | C18: 2 | E18: 2 | G18: 1 | I18: 1 | K18: 2 | M18: 2 | O18: 1 | Q18: 1 | S18: 2 | U18: =(C18+E18+G18+I18+K18+M18+O18+Q18+S18)/9 -> 1.5555556 | V18: =(D18+F18+H18+J18+L18+N18+P18+R18+T18)/9 -> 0 | W18: =U18/3 -> 0.51851852 | X18: =V18/3 -> 0 | Y18: =IF(U18<=1," < 50%",IF(U18<2.25,"50-75%","75-100%")) -> 50-75% | Z18: =IF(V18<=1," < 50%",IF(V18<2.25,"50-75%","75-100%")) -> < 50% | AB18: 1
A19: ='Список детей'!A15 -> 14 | B19: ='Список детей'!B15 -> Швыдченко Кирилл | C19: 2 | E19: 2 | G19: 1 | I19: 1 | K19: 1 | M19: 1 | O19: 2 | Q19: 2 | S19: 1 | U19: =(C19+E19+G19+I19+K19+M19+O19+Q19+S19)/9 -> 1.4444444 | V19: =(D19+F19+H19+J19+L19+N19+P19+R19+T19)/9 -> 0 | W19: =U19/3 -> 0.48148148 | X19: =V19/3 -> 0 | Y19: =IF(U19<=1," < 50%",IF(U19<2.25,"50-75%","75-100%")) -> 50-75% | Z19: =IF(V19<=1," < 50%",IF(V19<2.25,"50-75%","75-100%")) -> < 50% | AB19: 1
A20: ='Список детей'!A16 -> 15 | B20: ='Список детей'!B16 -> Ребенок 15 | U20: =(C20+E20+G20+I20+K20+M20+O20+Q20+S20)/9 -> 0 | V20: =(D20+F20+H20+J20+L20+N20+P20+R20+T20)/9 -> 0 | W20: =U20/3 -> 0 | X20: =V20/3 -> 0 | Y20: =IF(U20<=1," < 50%",IF(U20<2.25,"50-75%","75-100%")) -> < 50% | Z20: =IF(V20<=1," < 50%",IF(V20<2.25,"50-75%","75-100%")) -> < 50% | AB20: 1
A21: ='Список детей'!A17 -> 16 | B21: ='Список детей'!B17 -> Ребенок 16 | U21: =(C21+E21+G21+I21+K21+M21+O21+Q21+S21)/9 -> 0 | V21: =(D21+F21+H21+J21+L21+N21+P21+R21+T21)/9 -> 0 | W21: =U21/3 -> 0 | X21: =V21/3 -> 0 | Y21: =IF(U21<=1," < 50%",IF(U21<2.25,"50-75%","75-100%")) -> < 50% | Z21: =IF(V21<=1," < 50%",IF(V21<2.25,"50-75%","75-100%")) -> < 50% | AB21: 1
A22: ='Список детей'!A18 -> 17 | B22: ='Список детей'!B18 -> Ребенок 17 | U22: =(C22+E22+G22+I22+K22+M22+O22+Q22+S22)/9 -> 0 | V22: =(D22+F22+H22+J22+L22+N22+P22+R22+T22)/9 -> 0 | W22: =U22/3 -> 0 | X22: =V22/3 -> 0 | Y22: =IF(U22<=1," < 50%",IF(U22<2.25,"50-75%","75-100%")) -> < 50% | Z22: =IF(V22<=1," < 50%",IF(V22<2.25,"50-75%","75-100%")) -> < 50% | AB22: 1
A23: ='Список детей'!A19 -> 18 | B23: ='Список детей'!B19 -> Ребенок 18 | U23: =(C23+E23+G23+I23+K23+M23+O23+Q23+S23)/9 -> 0 | V23: =(D23+F23+H23+J23+L23+N23+P23+R23+T23)/9 -> 0 | W23: =U23/3 -> 0 | X23: =V23/3 -> 0 | Y23: =IF(U23<=1," < 50%",IF(U23<2.25,"50-75%","75-100%")) -> < 50% | Z23: =IF(V23<=1," < 50%",IF(V23<2.25,"50-75%","75-100%")) -> < 50% | AB23: 1
A24: ='Список детей'!A20 -> 19 | B24: ='Список детей'!B20 -> Ребенок 19 | U24: =(C24+E24+G24+I24+K24+M24+O24+Q24+S24)/9 -> 0 | V24: =(D24+F24+H24+J24+L24+N24+P24+R24+T24)/9 -> 0 | W24: =U24/3 -> 0 | X24: =V24/3 -> 0 | Y24: =IF(U24<=1," < 50%",IF(U24<2.25,"50-75%","75-100%")) -> < 50% | Z24: =IF(V24<=1," < 50%",IF(V24<2.25,"50-75%","75-100%")) -> < 50% | AB24: 1
A25: ='Список детей'!A21 -> 20 | B25: ='Список детей'!B21 -> Ребенок 20 | U25: =(C25+E25+G25+I25+K25+M25+O25+Q25+S25)/9 -> 0 | V25: =(D25+F25+H25+J25+L25+N25+P25+R25+T25)/9 -> 0 | W25: =U25/3 -> 0 | X25: =V25/3 -> 0 | Y25: =IF(U25<=1," < 50%",IF(U25<2.25,"50-75%","75-100%")) -> < 50% | Z25: =IF(V25<=1," < 50%",IF(V25<2.25,"50-75%","75-100%")) -> < 50% | AB25: 1
A26: ='Список детей'!A22 -> 21 | B26: ='Список детей'!B22 -> -
A27: ='Список детей'!A23 -> 22 | B27: ='Список детей'!B23 -> -
A28: ='Список детей'!A24 -> 23 | B28: ='Список детей'!B24 -> -
A31: Итоговый показа­тель по группе (сред­нее значение) | C31: =AVERAGE(C6:C30) -> 1.3076923 | D31: =AVERAGE(D6:D30) -> #DIV/0! | E31: =AVERAGE(E6:E30) -> 1.4615385 | F31: =AVERAGE(F6:F30) -> #DIV/0! | G31: =AVERAGE(G6:G30) -> 1.1538462 | H31: =AVERAGE(H6:H30) -> #DIV/0! | I31: =AVERAGE(I6:I30) -> 0.92307692 | J31: =AVERAGE(J6:J30) -> #DIV/0! | ... V31: =AVERAGE(V6:V30) -> 0 | W31: =SUM(W6:W26)/'Список детей'!$C$34 -> 0.43650794 | X31: =SUM(X6:X26)/'Список детей'!$C$34 -> 0
S33: Сент. | T33: Май
N34: Детей <50% | S34: =SUMIF(Y6:Y30," < 50%",AB6:AB30) -> 10 | T34: =SUMIF(Z6:Z30," < 50%",AB6:AB30) -> 20
N35: Детей 50%-75% | S35: =SUMIF(Y6:Y30,"50-75%",AB6:AB30) -> 10 | T35: =SUMIF(Z6:Z30,"50-75%",AB6:AB30) -> 0
N36: Детей 75-100% | S36: =SUMIF(Y6:Y30,"75-100%",AB6:AB30) -> 0 | T36: =SUMIF(Z6:Z30,"75-100%",AB6:AB30) -> 0

Sheet физическое развитие
B1: Образовательная область «Физическое развитие»
B2: Воспитатели Миронова Н.А., Точилкина О.С.
A3: № п/п | B3: Ф.И.О. ребенка | C3: Умеет ходить прямо, свободно, не шаркая ногами, сохраняя заданное направление. Умеет бегать, сохраняя равновесие, менять напрвление в беге, темп бега в соответствии с указаниями педагога. | E3: Сохраняет равновесие, перешагивая через предметы. Умеет ползать на четвереньках, лазать по лесенке - стремянке, гимнастической стенке произвольным способом. | G3: Осуществляет прыжки на двух ногах, прыжок в дину с места с мягким приземлением. | I3: Умеет бросать мяч из-за головы, от груди, ударять им несколько раз об пол, катать мяч, ловить его. | K3: Проявляет интерес к подвижным играм с простым содержанием | M3: Самостоятельно моет лицо и руки, пользуется носовым платком. Следит за внешним видом, опрятен. | O3: Ест аккуратно (пищу берет врот небольшими порциями, не крошит хлеб, не проливает пищу, тщательно ее пережевывает). | Q3: Итоговый показатель по каждому ребенку (среднее значение) | S3: Итоговое значение по каждому ребенку (проценты) | U3: Итоговое значение по каждому ребенку (по группам)
C4: сент | D4: май | E4: сент | F4: май | G4: сент | H4: май | I4: сент | J4: май | K4: сент | L4: май | M4: сент | N4: май | O4: сент | P4: май | Q4: сент | R4: май | S4: сент | T4: май | U4: сент. | V4: май
A5: ='Список детей'!A2 -> 1 | B5: ='Список детей'!B2 -> Бобрышев Мрон | C5: 1 | E5: 1 | G5: 1 | I5: 1 | K5: 2 | M5: 1 | O5: 1 | Q5: =(C5+E5+G5+I5+K5+M5+O5)/7 -> 1.1428571 | R5: =(D5+F5+H5+J5+L5+N5+P5)/7 -> 0 | S5: =Q5/3 -> 0.38095238 | T5: =R5/3 -> 0 | U5: =IF(Q5<=1," < 50%",IF(Q5<2.25,"50-75%","75-100%")) -> 50-75% | V5: =IF(R5<=1," < 50%",IF(R5<2.25,"50-75%","75-100%")) -> < 50% | X5: 1
A6: ='Список детей'!A3 -> 2 | B6: ='Список детей'!B3 -> Буяновская Варвара | C6: 2 | E6: 2 | G6: 2 | I6: 1 | K6: 2 | M6: 2 | O6: 1 | Q6: =(C6+E6+G6+I6+K6+M6+O6)/7 -> 1.7142857 | R6: =(D6+F6+H6+J6+L6+N6+P6)/7 -> 0 | S6: =Q6/3 -> 0.57142857 | T6: =R6/3 -> 0 | U6: =IF(Q6<=1," < 50%",IF(Q6<2.25,"50-75%","75-100%")) -> 50-75% | V6: =IF(R6<=1," < 50%",IF(R6<2.25,"50-75%","75-100%")) -> < 50% | X6: 1
A7: ='Список детей'!A4 -> 3 | B7: ='Список детей'!B4 -> Визиров Саша | C7: 2 | E7: 2 | G7: 2 | I7: 2 | K7: 3 | M7: 3 | O7: 2 | Q7: =(C7+E7+G7+I7+K7+M7+O7)/7 -> 2.2857143 | R7: =(D7+F7+H7+J7+L7+N7+P7)/7 -> 0 | S7: =Q7/3 -> 0.76190476 | T7: =R7/3 -> 0 | U7: =IF(Q7<=1," < 50%",IF(Q7<2.25,"50-75%","75-100%")) -> 75-100% | V7: =IF(R7<=1," < 50%",IF(R7<2.25,"50-75%","75-100%")) -> < 50% | X7: 1
A8: ='Список детей'!A5 -> 4 | B8: ='Список детей'!B5 -> Волкова Аня | C8: 1 | E8: 2 | G8: 1 | I8: 1 | K8: 2 | M8: 2 | O8: 1 | Q8: =(C8+E8+G8+I8+K8+M8+O8)/7 -> 1.4285714 | R8: =(D8+F8+H8+J8+L8+N8+P8)/7 -> 0 | S8: =Q8/3 -> 0.47619048 | T8: =R8/3 -> 0 | U8: =IF(Q8<=1," < 50%",IF(Q8<2.25,"50-75%","75-100%")) -> 50-75% | V8: =IF(R8<=1," < 50%",IF(R8<2.25,"50-75%","75-100%")) -> < 50% | X8: 1
A9: ='Список детей'!A6 -> 5 | B9: ='Список детей'!B6 -> Волков Даня | C9: 2 | E9: 2 | G9: 2 | I9: 2 | K9: 3 | M9: 3 | O9: 2 | Q9: =(C9+E9+G9+I9+K9+M9+O9)/7 -> 2.2857143 | R9: =(D9+F9+H9+J9+L9+N9+P9)/7 -> 0 | S9: =Q9/3 -> 0.76190476 | T9: =R9/3 -> 0 | U9: =IF(Q9<=1," < 50%",IF(Q9<2.25,"50-75%","75-100%")) -> 75-100% | V9: =IF(R9<=1," < 50%",IF(R9<2.25,"50-75%","75-100%")) -> < 50% | X9: 1
A10: ='Список детей'!A7 -> 6 | B10: ='Список детей'!B7 -> Григорьева Эмилия | Q10: =(C10+E10+G10+I10+K10+M10+O10)/7 -> 0 | R10: =(D10+F10+H10+J10+L10+N10+P10)/7 -> 0 | S10: =Q10/3 -> 0 | T10: =R10/3 -> 0 | U10: =IF(Q10<=1," < 50%",IF(Q10<2.25,"50-75%","75-100%")) -> < 50% | V10: =IF(R10<=1," < 50%",IF(R10<2.25,"50-75%","75-100%")) -> < 50% | X10: 1
A11: ='Список детей'!A8 -> 7 | B11: ='Список детей'!B8 -> Головастов Вова | C11: 2 | E11: 2 | G11: 1 | I11: 1 | K11: 2 | M11: 1 | O11: 1 | Q11: =(C11+E11+G11+I11+K11+M11+O11)/7 -> 1.4285714 | R11: =(D11+F11+H11+J11+L11+N11+P11)/7 -> 0 | S11: =Q11/3 -> 0.47619048 | T11: =R11/3 -> 0 | U11: =IF(Q11<=1," < 50%",IF(Q11<2.25,"50-75%","75-100%")) -> 50-75% | V11: =IF(R11<=1," < 50%",IF(R11<2.25,"50-75%","75-100%")) -> < 50% | X11: 1
A12: ='Список детей'!A9 -> 8 | B12: ='Список детей'!B9 -> Ковалев Богдан | C12: 1 | E12: 1 | G12: 0 | I12: 1 | K12: 2 | M12: 1 | O12: 1 | Q12: =(C12+E12+G12+I12+K12+M12+O12)/7 -> 1 | R12: =(D12+F12+H12+J12+L12+N12+P12)/7 -> 0 | S12: =Q12/3 -> 0.33333333 | T12: =R12/3 -> 0 | U12: =IF(Q12<=1," < 50%",IF(Q12<2.25,"50-75%","75-100%")) -> < 50% | V12: =IF(R12<=1," < 50%",IF(R12<2.25,"50-75%","75-100%")) -> < 50% | X12: 1
A13: ='Список детей'!A10 -> 9 | B13: ='Список детей'!B10 -> Назаренко Максим | C13: 2 | E13: 2 | G13: 1 | I13: 2 | K13: 2 | M13: 2 | O13: 2 | Q13: =(C13+E13+G13+I13+K13+M13+O13)/7 -> 1.8571429 | R13: =(D13+F13+H13+J13+L13+N13+P13)/7 -> 0 | S13: =Q13/3 -> 0.61904762 | T13: =R13/3 -> 0 | U13: =IF(Q13<=1," < 50%",IF(Q13<2.25,"50-75%","75-100%")) -> 50-75% | V13: =IF(R13<=1," < 50%",IF(R13<2.25,"50-75%","75-100%")) -> < 50% | X13: 1
A14: ='Список детей'!A11 -> 10 | B14: ='Список детей'!B11 -> Пеньков Лев | C14: 1 | E14: 1 | G14: 0 | I14: 1 | K14: 2 | M14: 1 | O14: 1 | Q14: =(C14+E14+G14+I14+K14+M14+O14)/7 -> 1 | R14: =(D14+F14+H14+J14+L14+N14+P14)/7 -> 0 | S14: =Q14/3 -> 0.33333333 | T14: =R14/3 -> 0 | U14: =IF(Q14<=1," < 50%",IF(Q14<2.25,"50-75%","75-100%")) -> < 50% | V14: =IF(R14<=1," < 50%",IF(R14<2.25,"50-75%","75-100%")) -> < 50% | X14: 1
A15: ='Список детей'!A12 -> 11 | B15: ='Список детей'!B12 -> Скворцова Вероника | C15: 2 | E15: 2 | G15: 2 | I15: 2 | K15: 2 | M15: 2 | O15: 2 | Q15: =(C15+E15+G15+I15+K15+M15+O15)/7 -> 2 | R15: =(D15+F15+H15+J15+L15+N15+P15)/7 -> 0 | S15: =Q15/3 -> 0.66666667 | T15: =R15/3 -> 0 | U15: =IF(Q15<=1," < 50%",IF(Q15<2.25,"50-75%","75-100%")) -> 50-75% | V15: =IF(R15<=1," < 50%",IF(R15<2.25,"50-75%","75-100%")) -> < 50% | X15: 1
A16: ='Список детей'!A13 -> 12 | B16: ='Список детей'!B13 -> Самордин Аким | C16: 1 | E16: 1 | G16: 0 | I16: 1 | K16: 1 | M16: 1 | O16: 1 | Q16: =(C16+E16+G16+I16+K16+M16+O16)/7 -> 0.85714286 | R16: =(D16+F16+H16+J16+L16+N16+P16)/7 -> 0 | S16: =Q16/3 -> 0.28571429 | T16: =R16/3 -> 0 | U16: =IF(Q16<=1," < 50%",IF(Q16<2.25,"50-75%","75-100%")) -> < 50% | V16: =IF(R16<=1," < 50%",IF(R16<2.25,"50-75%","75-100%")) -> < 50% | X16: 1
A17: ='Список детей'!A14 -> 13 | B17: ='Список детей'!B14 -> Франк Гектор | C17: 2 | E17: 2 | G17: 2 | I17: 2 | K17: 2 | M17: 2 | O17: 2 | Q17: =(C17+E17+G17+I17+K17+M17+O17)/7 -> 2 | R17: =(D17+F17+H17+J17+L17+N17+P17)/7 -> 0 | S17: =Q17/3 -> 0.66666667 | T17: =R17/3 -> 0 | U17: =IF(Q17<=1," < 50%",IF(Q17<2.25,"50-75%","75-100%")) -> 50-75% | V17: =IF(R17<=1," < 50%",IF(R17<2.25,"50-75%","75-100%")) -> < 50% | X17: 1
A18: ='Список детей'!A15 -> 14 | B18: ='Список детей'!B15 -> Швыдченко Кирилл | C18: 1 | E18: 1 | G18: 1 | I18: 1 | K18: 2 | M18: 1 | O18: 1 | Q18: =(C18+E18+G18+I18+K18+M18+O18)/7 -> 1.1428571 | R18: =(D18+F18+H18+J18+L18+N18+P18)/7 -> 0 | S18: =Q18/3 -> 0.38095238 | T18: =R18/3 -> 0 | U18: =IF(Q18<=1," < 50%",IF(Q18<2.25,"50-75%","75-100%")) -> 50-75% | V18: =IF(R18<=1," < 50%",IF(R18<2.25,"50-75%","75-100%")) -> < 50% | X18: 1
A19: ='Список детей'!A16 -> 15 | B19: ='Список детей'!B16 -> Ребенок 15 | Q19: =(C19+E19+G19+I19+K19+M19+O19)/7 -> 0 | R19: =(D19+F19+H19+J19+L19+N19+P19)/7 -> 0 | S19: =Q19/3 -> 0 | T19: =R19/3 -> 0 | U19: =IF(Q19<=1," < 50%",IF(Q19<2.25,"50-75%","75-100%")) -> < 50% | V19: =IF(R19<=1," < 50%",IF(R19<2.25,"50-75%","75-100%")) -> < 50% | X19: 1
A20: ='Список детей'!A17 -> 16 | B20: ='Список детей'!B17 -> Ребенок 16 | Q20: =(C20+E20+G20+I20+K20+M20+O20)/7 -> 0 | R20: =(D20+F20+H20+J20+L20+N20+P20)/7 -> 0 | S20: =Q20/3 -> 0 | T20: =R20/3 -> 0 | U20: =IF(Q20<=1," < 50%",IF(Q20<2.25,"50-75%","75-100%")) -> < 50% | V20: =IF(R20<=1," < 50%",IF(R20<2.25,"50-75%","75-100%")) -> < 50% | X20: 1
A21: ='Список детей'!A18 -> 17 | B21: ='Список детей'!B18 -> Ребенок 17 | Q21: =(C21+E21+G21+I21+K21+M21+O21)/7 -> 0 | R21: =(D21+F21+H21+J21+L21+N21+P21)/7 -> 0 | S21: =Q21/3 -> 0 | T21: =R21/3 -> 0 | U21: =IF(Q21<=1," < 50%",IF(Q21<2.25,"50-75%","75-100%")) -> < 50% | V21: =IF(R21<=1," < 50%",IF(R21<2.25,"50-75%","75-100%")) -> < 50% | X21: 1
A22: ='Список детей'!A19 -> 18 | B22: ='Список детей'!B19 -> Ребенок 18 | Q22: =(C22+E22+G22+I22+K22+M22+O22)/7 -> 0 | R22: =(D22+F22+H22+J22+L22+N22+P22)/7 -> 0 | S22: =Q22/3 -> 0 | T22: =R22/3 -> 0 | U22: =IF(Q22<=1," < 50%",IF(Q22<2.25,"50-75%","75-100%")) -> < 50% | V22: =IF(R22<=1," < 50%",IF(R22<2.25,"50-75%","75-100%")) -> < 50% | X22: 1
A23: ='Список детей'!A20 -> 19 | B23: ='Список детей'!B20 -> Ребенок 19 | Q23: =(C23+E23+G23+I23+K23+M23+O23)/7 -> 0 | R23: =(D23+F23+H23+J23+L23+N23+P23)/7 -> 0 | S23: =Q23/3 -> 0 | T23: =R23/3 -> 0 | U23: =IF(Q23<=1," < 50%",IF(Q23<2.25,"50-75%","75-100%")) -> < 50% | V23: =IF(R23<=1," < 50%",IF(R23<2.25,"50-75%","75-100%")) -> < 50% | X23: 1
A24: ='Список детей'!A21 -> 20 | B24: ='Список детей'!B21 -> Ребенок 20 | Q24: =(C24+E24+G24+I24+K24+M24+O24)/7 -> 0 | R24: =(D24+F24+H24+J24+L24+N24+P24)/7 -> 0 | S24: =Q24/3 -> 0 | T24: =R24/3 -> 0 | U24: =IF(Q24<=1," < 50%",IF(Q24<2.25,"50-75%","75-100%")) -> < 50% | V24: =IF(R24<=1," < 50%",IF(R24<2.25,"50-75%","75-100%")) -> < 50% | X24: 1
A25: ='Список детей'!A22 -> 21 | B25: ='Список детей'!B22 -> -
A26: ='Список детей'!A23 -> 22 | B26: ='Список детей'!B23 -> -
A27: ='Список детей'!A24 -> 23 | B27: ='Список детей'!B24 -> -
A30: Итоговый показатель по группе (среднее значение) | C30: =AVERAGE(C5:C29) -> 1.5384615 | D30: =AVERAGE(D5:D29) -> #DIV/0! | E30: =AVERAGE(E5:E29) -> 1.6153846 | F30: =AVERAGE(F5:F29) -> #DIV/0! | G30: =AVERAGE(G5:G29) -> 1.1538462 | H30: =AVERAGE(H5:H29) -> #DIV/0! | I30: =AVERAGE(I5:I29) -> 1.3846154 | J30: =AVERAGE(J5:J29) -> #DIV/0! | ... R30: =AVERAGE(R5:R29) -> 0 | S30: =SUM(S5:S25)/'Список детей'!$C$34 -> 0.47959184 | T30: =SUM(T5:T25)/'Список детей'!$C$34 -> 0
Q32: Сент. | R32: Май
P33: Детей <50% | Q33: =SUMIF(U5:U29," < 50%",X5:X29) -> 10 | R33: =SUMIF(V5:V29," < 50%",X5:X29) -> 20
P34: Детей 50%-75% | Q34: =SUMIF(U5:U29,"50-75%",X5:X29) -> 8 | R34: =SUMIF(V5:V29,"50-75%",X5:X29) -> 0
P35: Детей 75-100% | Q35: =SUMIF(U5:U29,"75-100%",X5:X29) -> 2 | R35: =SUMIF(V5:V29,"75-100%",X5:X29) -> 0
